"id","sourceIn","sourceOut","targetIn","targetOut","created","flavor","createdAt","updatedAt","nodeId","targetNodeId","userId"
1,10,10,0,315,"2019-05-18 21:49:59.508+02","pro","2019-05-18 21:49:59.508+02","2019-05-18 21:49:59.508+02",1,2,1
14,390,390,0,722,"2019-05-31 20:15:22.272+02","science","2019-05-31 20:15:22.272+02","2019-05-31 20:15:22.272+02",4,17,1
2,51,411,300,300,"2019-05-18 22:24:50.739+02","factChecker","2019-05-18 22:24:50.74+02","2019-05-18 22:24:50.74+02",1,3,3
3,0,0,0,0,"2019-05-18 22:34:00.745+02","contra","2019-05-18 22:34:00.745+02","2019-05-18 22:34:00.745+02",1,5,3
5,60,107,30,193,"2019-05-22 12:28:49.791+02","pro","2019-05-22 12:28:49.791+02","2019-05-22 12:28:49.791+02",4,7,3
6,3,222,30,230,"2019-05-22 12:51:15.176+02","pro","2019-05-22 12:51:15.176+02","2019-05-22 12:51:15.176+02",4,8,3
7,213,213,0,180,"2019-05-22 13:03:55.057+02","pro","2019-05-22 13:03:55.057+02","2019-05-22 13:03:55.057+02",4,9,3
8,223,224,0,0,"2019-05-22 13:09:55.052+02","pro","2019-05-22 13:09:55.052+02","2019-05-22 13:09:55.052+02",4,10,3
9,78,78,51,231,"2019-05-30 09:23:59.326+02","neutral","2019-05-30 09:23:59.326+02","2019-05-30 09:23:59.326+02",1,11,3
10,66,66,120,2751,"2019-05-30 13:32:20.973+02","pro","2019-05-30 13:32:20.973+02","2019-05-30 13:32:20.973+02",12,13,3
11,214,214,19,181,"2019-05-30 13:37:18.634+02","factChecker","2019-05-30 13:37:18.634+02","2019-05-30 13:37:18.634+02",12,14,3
12,214,214,35,1438,"2019-05-30 13:41:08.84+02","factChecker","2019-05-30 13:41:08.84+02","2019-05-30 13:41:08.84+02",12,15,3
15,143,143,0,2689,"2019-06-04 19:00:25.987+02","pro","2019-06-04 19:00:25.988+02","2019-06-04 19:00:25.988+02",19,20,3
16,370,370,0,269,"2019-06-04 19:45:50.754+02","pro","2019-06-04 19:45:50.754+02","2019-06-04 19:45:50.754+02",19,21,3
17,370,370,0,320,"2019-06-04 19:51:09.489+02","contra","2019-06-04 19:51:09.489+02","2019-06-04 19:51:09.489+02",19,22,3
18,379,379,0,173,"2019-06-04 19:59:12.21+02","contra","2019-06-04 19:59:12.21+02","2019-06-04 19:59:12.21+02",19,23,3
19,382,382,0,363,"2019-06-04 20:17:30.768+02","pro","2019-06-04 20:17:30.768+02","2019-06-04 20:17:30.768+02",19,24,3
20,401,401,0,2546,"2019-06-04 20:22:46.461+02","factChecker","2019-06-04 20:22:46.461+02","2019-06-04 20:22:46.461+02",19,25,3
21,6,6,0,11,"2019-06-05 00:22:55.906+02","neutral","2019-06-05 00:22:55.906+02","2019-06-05 00:22:55.906+02",18,26,9
22,6,6,0,11,"2019-06-05 00:24:28.837+02","pro","2019-06-05 00:24:28.837+02","2019-06-05 00:24:28.837+02",18,27,9
23,7,7,0,10,"2019-06-05 00:25:42.09+02","neutral","2019-06-05 00:25:42.09+02","2019-06-05 00:25:42.09+02",18,28,9
24,8,8,0,9,"2019-06-05 00:33:44.334+02","neutral","2019-06-05 00:33:44.334+02","2019-06-05 00:33:44.334+02",18,29,9
25,9,9,0,9,"2019-06-05 00:36:19.404+02","science","2019-06-05 00:36:19.404+02","2019-06-05 00:36:19.404+02",18,30,9
26,11,11,0,8,"2019-06-05 00:37:43.877+02","joke","2019-06-05 00:37:43.878+02","2019-06-05 00:37:43.878+02",18,31,9
27,11,11,0,9,"2019-06-05 00:48:36.01+02","neutral","2019-06-05 00:48:36.01+02","2019-06-05 00:48:36.01+02",18,32,9
28,13,13,0,8,"2019-06-05 00:49:29.68+02","neutral","2019-06-05 00:49:29.68+02","2019-06-05 00:49:29.68+02",18,33,9
29,16,16,0,7,"2019-06-05 11:29:09.261+02","neutral","2019-06-05 11:29:09.261+02","2019-06-05 11:29:09.261+02",18,34,30
30,16,16,0,9,"2019-06-05 11:30:02.074+02","neutral","2019-06-05 11:30:02.074+02","2019-06-05 11:30:02.074+02",18,35,30
31,17,17,0,11,"2019-06-05 11:31:35.869+02","neutral","2019-06-05 11:31:35.869+02","2019-06-05 11:31:35.869+02",18,36,30
32,20,20,0,7,"2019-06-05 11:32:22.953+02","neutral","2019-06-05 11:32:22.953+02","2019-06-05 11:32:22.953+02",18,37,30
33,20,20,0,8,"2019-06-05 11:33:04.149+02","neutral","2019-06-05 11:33:04.149+02","2019-06-05 11:33:04.149+02",18,38,30
34,21,21,0,9,"2019-06-05 11:36:03.529+02","neutral","2019-06-05 11:36:03.529+02","2019-06-05 11:36:03.529+02",18,39,30
36,22,22,0,7,"2019-06-05 11:36:46.478+02","neutral","2019-06-05 11:36:46.478+02","2019-06-05 11:36:46.478+02",18,41,30
38,23,23,0,8,"2019-06-05 11:38:13.153+02","neutral","2019-06-05 11:38:13.153+02","2019-06-05 11:38:13.153+02",18,43,30
39,20,26,0,8,"2019-06-05 11:39:09.214+02","neutral","2019-06-05 11:39:09.214+02","2019-06-05 11:39:09.214+02",18,44,30
40,0,30,0,7,"2019-06-05 11:40:02.769+02","neutral","2019-06-05 11:40:02.769+02","2019-06-05 11:40:02.769+02",18,45,30
41,30,30,0,12,"2019-06-05 11:44:59.279+02","neutral","2019-06-05 11:44:59.28+02","2019-06-05 11:44:59.28+02",18,46,30
42,587,587,0,160,"2019-06-05 11:45:06.281+02","pro","2019-06-05 11:45:06.281+02","2019-06-05 11:45:06.281+02",19,47,3
43,32,32,0,7,"2019-06-05 11:46:13.921+02","neutral","2019-06-05 11:46:13.922+02","2019-06-05 11:46:13.922+02",18,48,30
44,33,33,0,8,"2019-06-05 11:46:39.208+02","neutral","2019-06-05 11:46:39.208+02","2019-06-05 11:46:39.208+02",18,49,30
45,34,34,0,6,"2019-06-05 11:47:13.344+02","neutral","2019-06-05 11:47:13.344+02","2019-06-05 11:47:13.344+02",18,50,30
46,35,35,0,12,"2019-06-05 11:47:44.823+02","neutral","2019-06-05 11:47:44.823+02","2019-06-05 11:47:44.823+02",18,51,30
47,35,35,0,10,"2019-06-05 11:47:59.415+02","neutral","2019-06-05 11:47:59.415+02","2019-06-05 11:47:59.415+02",18,52,30
48,39,39,0,9,"2019-06-05 11:48:22.27+02","neutral","2019-06-05 11:48:22.27+02","2019-06-05 11:48:22.27+02",18,53,30
49,40,40,0,8,"2019-06-05 11:48:43.575+02","neutral","2019-06-05 11:48:43.575+02","2019-06-05 11:48:43.575+02",18,54,30
50,43,43,0,10,"2019-06-05 11:49:19.714+02","neutral","2019-06-05 11:49:19.714+02","2019-06-05 11:49:19.714+02",18,55,30
51,44,44,0,11,"2019-06-05 11:49:41.105+02","neutral","2019-06-05 11:49:41.105+02","2019-06-05 11:49:41.105+02",18,56,30
52,44,44,0,10,"2019-06-05 11:49:59.099+02","neutral","2019-06-05 11:49:59.099+02","2019-06-05 11:49:59.099+02",18,57,30
53,47,47,0,9,"2019-06-05 11:50:17.684+02","neutral","2019-06-05 11:50:17.684+02","2019-06-05 11:50:17.684+02",18,58,30
54,47,47,0,12,"2019-06-05 11:50:32.427+02","neutral","2019-06-05 11:50:32.427+02","2019-06-05 11:50:32.427+02",18,59,30
55,49,49,0,7,"2019-06-05 11:50:57.396+02","neutral","2019-06-05 11:50:57.396+02","2019-06-05 11:50:57.396+02",18,60,30
56,50,50,0,11,"2019-06-05 11:51:32.009+02","neutral","2019-06-05 11:51:32.009+02","2019-06-05 11:51:32.009+02",18,61,30
57,53,53,0,9,"2019-06-05 11:52:15.523+02","neutral","2019-06-05 11:52:15.523+02","2019-06-05 11:52:15.523+02",18,62,30
58,55,55,0,11,"2019-06-05 11:52:41.542+02","neutral","2019-06-05 11:52:41.542+02","2019-06-05 11:52:41.542+02",18,63,30
59,57,57,0,7,"2019-06-05 11:53:01.817+02","neutral","2019-06-05 11:53:01.818+02","2019-06-05 11:53:01.818+02",18,64,30
60,58,58,0,7,"2019-06-05 11:53:18.914+02","neutral","2019-06-05 11:53:18.914+02","2019-06-05 11:53:18.914+02",18,65,30
61,60,60,0,10,"2019-06-05 11:53:45.857+02","neutral","2019-06-05 11:53:45.857+02","2019-06-05 11:53:45.857+02",18,66,30
62,63,63,0,9,"2019-06-05 11:54:10.31+02","neutral","2019-06-05 11:54:10.31+02","2019-06-05 11:54:10.31+02",18,67,30
63,63,63,0,4,"2019-06-05 11:54:27.301+02","neutral","2019-06-05 11:54:27.301+02","2019-06-05 11:54:27.301+02",18,68,30
64,67,67,0,8,"2019-06-05 11:54:53.774+02","neutral","2019-06-05 11:54:53.774+02","2019-06-05 11:54:53.774+02",18,69,30
65,68,68,0,7,"2019-06-05 11:55:15.354+02","neutral","2019-06-05 11:55:15.355+02","2019-06-05 11:55:15.355+02",18,70,30
66,70,70,0,5,"2019-06-05 11:55:36.346+02","neutral","2019-06-05 11:55:36.346+02","2019-06-05 11:55:36.346+02",18,71,30
67,71,71,0,8,"2019-06-05 11:55:51.318+02","neutral","2019-06-05 11:55:51.318+02","2019-06-05 11:55:51.318+02",18,72,30
68,72,72,0,7,"2019-06-05 11:56:27.8+02","neutral","2019-06-05 11:56:27.8+02","2019-06-05 11:56:27.8+02",18,73,30
69,75,75,0,7,"2019-06-05 11:56:55.783+02","neutral","2019-06-05 11:56:55.783+02","2019-06-05 11:56:55.783+02",18,74,30
70,70,76,0,10,"2019-06-05 11:57:22.401+02","neutral","2019-06-05 11:57:22.401+02","2019-06-05 11:57:22.401+02",18,75,30
71,70,77,0,7,"2019-06-05 11:57:49.141+02","neutral","2019-06-05 11:57:49.141+02","2019-06-05 11:57:49.141+02",18,76,30
72,79,79,0,10,"2019-06-05 11:58:22.222+02","neutral","2019-06-05 11:58:22.222+02","2019-06-05 11:58:22.222+02",18,77,30
73,80,80,0,9,"2019-06-05 11:58:41.289+02","neutral","2019-06-05 11:58:41.289+02","2019-06-05 11:58:41.289+02",18,78,30
74,83,83,0,8,"2019-06-05 11:59:15.046+02","neutral","2019-06-05 11:59:15.046+02","2019-06-05 11:59:15.046+02",18,79,30
75,84,84,0,5,"2019-06-05 11:59:53.888+02","neutral","2019-06-05 11:59:53.888+02","2019-06-05 11:59:53.888+02",18,80,30
76,85,85,0,2,"2019-06-05 12:00:38.433+02","neutral","2019-06-05 12:00:38.434+02","2019-06-05 12:00:38.434+02",18,81,30
77,86,86,0,9,"2019-06-05 12:01:01.762+02","neutral","2019-06-05 12:01:01.762+02","2019-06-05 12:01:01.762+02",18,82,30
78,87,87,0,11,"2019-06-05 12:01:20.494+02","neutral","2019-06-05 12:01:20.494+02","2019-06-05 12:01:20.494+02",18,83,30
79,90,90,0,9,"2019-06-05 12:02:15.409+02","neutral","2019-06-05 12:02:15.409+02","2019-06-05 12:02:15.409+02",18,84,30
80,91,91,0,7,"2019-06-05 12:02:29.434+02","neutral","2019-06-05 12:02:29.435+02","2019-06-05 12:02:29.435+02",18,85,30
81,94,94,0,10,"2019-06-05 12:02:53.321+02","neutral","2019-06-05 12:02:53.322+02","2019-06-05 12:02:53.322+02",18,86,30
83,95,95,0,10,"2019-06-05 12:03:14.504+02","neutral","2019-06-05 12:03:14.504+02","2019-06-05 12:03:14.504+02",18,88,30
84,98,98,0,9,"2019-06-05 12:03:42.305+02","neutral","2019-06-05 12:03:42.305+02","2019-06-05 12:03:42.305+02",18,89,30
85,99,99,0,12,"2019-06-05 12:03:59.253+02","neutral","2019-06-05 12:03:59.253+02","2019-06-05 12:03:59.253+02",18,90,30
86,101,101,0,11,"2019-06-05 12:04:20.16+02","neutral","2019-06-05 12:04:20.16+02","2019-06-05 12:04:20.16+02",18,91,30
87,102,102,0,8,"2019-06-05 12:04:44.911+02","neutral","2019-06-05 12:04:44.911+02","2019-06-05 12:04:44.911+02",18,92,30
88,104,104,0,11,"2019-06-05 12:05:10.448+02","neutral","2019-06-05 12:05:10.448+02","2019-06-05 12:05:10.448+02",18,93,30
89,106,106,0,6,"2019-06-05 12:05:27.045+02","neutral","2019-06-05 12:05:27.045+02","2019-06-05 12:05:27.045+02",18,94,30
90,108,108,0,8,"2019-06-05 12:05:46.392+02","neutral","2019-06-05 12:05:46.392+02","2019-06-05 12:05:46.392+02",18,95,30
91,109,109,0,8,"2019-06-05 12:06:07.19+02","neutral","2019-06-05 12:06:07.19+02","2019-06-05 12:06:07.19+02",18,96,30
92,112,112,0,7,"2019-06-05 12:06:26.818+02","neutral","2019-06-05 12:06:26.819+02","2019-06-05 12:06:26.819+02",18,97,30
93,113,113,0,8,"2019-06-05 12:06:41.294+02","neutral","2019-06-05 12:06:41.295+02","2019-06-05 12:06:41.295+02",18,98,30
94,114,114,0,8,"2019-06-05 12:07:06.08+02","neutral","2019-06-05 12:07:06.08+02","2019-06-05 12:07:06.08+02",18,99,30
95,114,114,0,6,"2019-06-05 12:07:23.42+02","neutral","2019-06-05 12:07:23.42+02","2019-06-05 12:07:23.42+02",18,100,30
96,118,118,0,10,"2019-06-05 12:07:51.028+02","neutral","2019-06-05 12:07:51.028+02","2019-06-05 12:07:51.028+02",18,101,30
97,118,118,0,10,"2019-06-05 12:07:53.492+02","neutral","2019-06-05 12:07:53.492+02","2019-06-05 12:07:53.492+02",18,102,30
99,1672,1672,0,2429,"2019-06-05 12:47:42.426+02","factChecker","2019-06-05 12:47:42.426+02","2019-06-05 12:47:42.426+02",19,104,3
100,1687,1687,0,190,"2019-06-05 12:52:30.489+02","factChecker","2019-06-05 12:52:30.489+02","2019-06-05 12:52:30.489+02",19,105,3
101,1891,1891,0,1501,"2019-06-05 12:54:11.686+02","neutral","2019-06-05 12:54:11.686+02","2019-06-05 12:54:11.686+02",19,106,2
102,2005,2005,0,377,"2019-06-05 13:05:28.084+02","factChecker","2019-06-05 13:05:28.084+02","2019-06-05 13:05:28.084+02",19,107,3
103,2010,2010,0,133,"2019-06-05 13:11:29.149+02","contra","2019-06-05 13:11:29.149+02","2019-06-05 13:11:29.149+02",19,108,3
104,2162,2162,0,147,"2019-06-05 13:46:02.511+02","factChecker","2019-06-05 13:46:02.511+02","2019-06-05 13:46:02.511+02",19,109,3
105,2320,2320,0,273,"2019-06-05 14:07:16.738+02","contra","2019-06-05 14:07:16.738+02","2019-06-05 14:07:16.738+02",19,110,3
106,2695,2695,0,1655,"2019-06-05 20:44:21.198+02","pro","2019-06-05 20:44:21.199+02","2019-06-05 20:44:21.199+02",19,111,3
107,3023,3023,0,1770,"2019-06-05 20:53:43.606+02","factChecker","2019-06-05 20:53:43.606+02","2019-06-05 20:53:43.606+02",19,112,3
108,1229,1229,0,446,"2019-06-05 21:35:33.728+02","factChecker","2019-06-05 21:35:33.728+02","2019-06-05 21:35:33.728+02",19,113,3
109,2518,2518,0,316,"2019-06-05 21:52:11.2+02","neutral","2019-06-05 21:52:11.2+02","2019-06-05 21:52:11.2+02",19,114,2
111,1262,1262,0,430,"2019-06-05 21:59:03.39+02","factChecker","2019-06-05 21:59:03.39+02","2019-06-05 21:59:03.39+02",19,116,3
112,55,55,0,265,"2019-06-07 18:59:52.863+02","neutral","2019-06-07 18:59:52.863+02","2019-06-07 18:59:52.863+02",1,117,2
113,13,13,0,235,"2019-06-09 23:24:54.431+02","neutral","2019-06-09 23:24:54.437+02","2019-06-09 23:24:54.437+02",118,119,17
114,80,80,0,235,"2019-06-09 23:25:45.467+02","neutral","2019-06-09 23:25:45.467+02","2019-06-09 23:25:45.467+02",118,120,17
115,125,125,0,235,"2019-06-09 23:26:43.285+02","neutral","2019-06-09 23:26:43.285+02","2019-06-09 23:26:43.285+02",118,121,17
116,1,1,0,276,"2019-06-09 23:29:04.142+02","contra","2019-06-09 23:29:04.142+02","2019-06-09 23:29:04.142+02",118,122,17
117,3,3,0,333,"2019-06-09 23:29:58.648+02","neutral","2019-06-09 23:29:58.648+02","2019-06-09 23:29:58.648+02",118,123,17
118,8,8,0,102,"2019-06-09 23:31:25.177+02","neutral","2019-06-09 23:31:25.177+02","2019-06-09 23:31:25.177+02",118,124,17
119,22,22,0,376,"2019-06-09 23:31:58.842+02","neutral","2019-06-09 23:31:58.842+02","2019-06-09 23:31:58.842+02",118,125,17
120,62,62,0,345,"2019-06-09 23:32:52.126+02","neutral","2019-06-09 23:32:52.127+02","2019-06-09 23:32:52.127+02",118,126,17
121,62,62,0,273,"2019-06-09 23:33:22.759+02","neutral","2019-06-09 23:33:22.759+02","2019-06-09 23:33:22.759+02",118,127,17
122,178,178,0,49,"2019-06-09 23:34:17.759+02","neutral","2019-06-09 23:34:17.759+02","2019-06-09 23:34:17.759+02",118,128,17
123,220,220,0,313,"2019-06-09 23:35:03.155+02","neutral","2019-06-09 23:35:03.155+02","2019-06-09 23:35:03.155+02",118,129,17
124,244,244,0,272,"2019-06-09 23:35:44.233+02","neutral","2019-06-09 23:35:44.233+02","2019-06-09 23:35:44.233+02",118,130,17
125,244,244,0,272,"2019-06-09 23:35:55.645+02","neutral","2019-06-09 23:35:55.645+02","2019-06-09 23:35:55.645+02",118,131,17
126,151,151,0,227,"2019-06-09 23:36:57.85+02","neutral","2019-06-09 23:36:57.85+02","2019-06-09 23:36:57.85+02",118,132,17
127,20,20,0,208,"2019-06-09 23:37:40.187+02","neutral","2019-06-09 23:37:40.187+02","2019-06-09 23:37:40.187+02",118,133,17
128,20,30,0,208,"2019-06-09 23:38:04.752+02","neutral","2019-06-09 23:38:04.752+02","2019-06-09 23:38:04.752+02",118,134,17
129,100,100,0,38,"2019-06-09 23:38:36.433+02","neutral","2019-06-09 23:38:36.433+02","2019-06-09 23:38:36.433+02",118,135,17
130,36,36,0,238,"2019-06-09 23:40:00.112+02","neutral","2019-06-09 23:40:00.112+02","2019-06-09 23:40:00.112+02",118,136,17
131,102,102,0,411,"2019-06-09 23:42:40.689+02","neutral","2019-06-09 23:42:40.689+02","2019-06-09 23:42:40.689+02",118,137,17
132,102,102,0,235,"2019-06-09 23:43:05.898+02","neutral","2019-06-09 23:43:05.898+02","2019-06-09 23:43:05.898+02",118,138,17
133,102,102,0,235,"2019-06-09 23:43:20.821+02","neutral","2019-06-09 23:43:20.821+02","2019-06-09 23:43:20.821+02",118,139,17
134,237,237,0,291,"2019-06-09 23:44:06.39+02","neutral","2019-06-09 23:44:06.39+02","2019-06-09 23:44:06.39+02",118,140,17
135,442,442,0,232,"2019-06-10 11:10:53.672+02","neutral","2019-06-10 11:10:53.672+02","2019-06-10 11:10:53.672+02",12,141,14
136,442,442,0,258,"2019-06-10 11:15:13.405+02","neutral","2019-06-10 11:15:13.405+02","2019-06-10 11:15:13.405+02",12,142,14
137,26,26,0,1958,"2019-06-10 23:37:33.824+02","neutral","2019-06-10 23:37:33.824+02","2019-06-10 23:37:33.824+02",118,143,17
138,26,26,0,1958,"2019-06-10 23:37:41.687+02","science","2019-06-10 23:37:41.687+02","2019-06-10 23:37:41.687+02",118,144,17
139,42,42,0,162,"2019-06-13 12:44:12.765+02","contra","2019-06-13 12:44:12.765+02","2019-06-13 12:44:12.765+02",145,146,3
140,45,45,0,1815,"2019-06-13 13:09:47.72+02","factChecker","2019-06-13 13:09:47.72+02","2019-06-13 13:09:47.72+02",145,147,3
141,131,131,0,135,"2019-06-13 13:24:25.115+02","pro","2019-06-13 13:24:25.115+02","2019-06-13 13:24:25.115+02",145,148,3
142,153,153,0,849,"2019-06-13 13:38:34.987+02","factChecker","2019-06-13 13:38:34.987+02","2019-06-13 13:38:34.987+02",145,149,3
143,195,195,0,898,"2019-06-13 14:04:49.412+02","contra","2019-06-13 14:04:49.413+02","2019-06-13 14:04:49.413+02",145,150,3
144,195,195,0,131,"2019-06-13 14:08:22.513+02","contra","2019-06-13 14:08:22.514+02","2019-06-13 14:08:22.514+02",145,151,3
145,239,239,0,1501,"2019-06-13 14:16:31.701+02","pro","2019-06-13 14:16:31.701+02","2019-06-13 14:16:31.701+02",145,152,3
146,293,293,0,135,"2019-06-13 14:32:15.98+02","factChecker","2019-06-13 14:32:15.98+02","2019-06-13 14:32:15.98+02",145,153,3
147,293,293,0,338,"2019-06-13 14:42:56.585+02","pro","2019-06-13 14:42:56.585+02","2019-06-13 14:42:56.585+02",145,154,3
148,293,293,0,128,"2019-06-13 14:44:53.971+02","neutral","2019-06-13 14:44:53.971+02","2019-06-13 14:44:53.971+02",145,155,3
149,350,350,0,491,"2019-06-13 14:52:24.243+02","pro","2019-06-13 14:52:24.243+02","2019-06-13 14:52:24.243+02",145,156,3
150,211,211,0,669,"2019-06-14 10:24:53.307+02","contra","2019-06-14 10:24:53.307+02","2019-06-14 10:24:53.307+02",156,157,3
151,67,67,0,839,"2019-06-14 10:38:54.539+02","pro","2019-06-14 10:38:54.54+02","2019-06-14 10:38:54.54+02",156,158,3
152,472,472,0,1111,"2019-06-14 10:46:55.681+02","factChecker","2019-06-14 10:46:55.681+02","2019-06-14 10:46:55.681+02",145,159,3
153,555,555,0,327,"2019-06-14 11:05:08.17+02","contra","2019-06-14 11:05:08.17+02","2019-06-14 11:05:08.17+02",145,160,3
154,632,632,0,3127,"2019-06-14 11:24:11.855+02","science","2019-06-14 11:24:11.855+02","2019-06-14 11:24:11.855+02",145,161,3
155,446,446,0,159,"2019-06-14 11:27:24.044+02","factChecker","2019-06-14 11:27:24.044+02","2019-06-14 11:27:24.044+02",145,162,3
156,717,717,0,461,"2019-06-14 11:47:45.742+02","factChecker","2019-06-14 11:47:45.742+02","2019-06-14 11:47:45.742+02",145,163,3
157,137,137,0,1111,"2019-06-14 15:58:19.247+02","neutral","2019-06-14 15:58:19.252+02","2019-06-14 15:58:19.252+02",156,164,3
158,133,133,0,518,"2019-06-14 16:27:32.673+02","factChecker","2019-06-14 16:27:32.673+02","2019-06-14 16:27:32.673+02",164,165,3
160,238,238,0,375,"2019-06-18 21:13:26.644+02","factChecker","2019-06-18 21:13:26.644+02","2019-06-18 21:13:26.644+02",166,168,3
161,205,205,0,892,"2019-06-18 21:19:22.199+02","contra","2019-06-18 21:19:22.199+02","2019-06-18 21:19:22.199+02",166,169,3
165,201,201,14,192,"2019-06-24 13:29:58.988+02","contra","2019-06-24 13:29:58.988+02","2019-06-24 13:32:47.052+02",166,173,3
166,238,238,223,234,"2019-06-24 13:38:01.594+02","joke","2019-06-24 13:38:01.594+02","2019-06-24 13:39:28.413+02",166,174,3
169,267,267,358,430,"2019-06-24 13:57:52.615+02","joke","2019-06-24 13:57:52.615+02","2019-06-24 13:57:52.615+02",166,177,3
170,206,206,12,196,"2019-06-24 14:06:04.005+02","contra","2019-06-24 14:06:04.006+02","2019-06-24 14:06:04.006+02",166,178,3
171,206,206,19,169,"2019-06-24 14:13:04.048+02","contra","2019-06-24 14:13:04.048+02","2019-06-24 14:13:04.048+02",166,179,3
172,83,83,4,9,"2019-07-05 19:18:30.673+02","neutral","2019-07-05 19:18:30.673+02","2019-07-05 19:18:30.673+02",180,181,3
173,86,86,0,50,"2019-07-05 19:39:24.586+02","pro","2019-07-05 19:39:24.586+02","2019-07-05 19:39:24.586+02",180,182,3
176,86,86,12,17,"2019-07-05 20:41:34.739+02","neutral","2019-07-05 20:41:34.739+02","2019-07-05 20:41:34.739+02",180,185,3
178,22,22,24,25,"2019-07-06 15:29:59.655+02","factChecker","2019-07-06 15:29:59.655+02","2019-07-06 15:29:59.655+02",180,187,3
179,47,48,74,325,"2019-07-06 18:34:51.282+02","contra","2019-07-06 18:34:51.282+02","2019-07-06 18:50:19.149+02",188,189,3
180,47,48,30,454,"2019-07-06 18:41:49.539+02","neutral","2019-07-06 18:41:49.54+02","2019-07-06 18:51:00.618+02",188,190,3
181,48,49,61,278,"2019-07-06 18:44:38.261+02","pro","2019-07-06 18:44:38.261+02","2019-07-06 18:51:23.493+02",188,191,3
182,48,48,29,67,"2019-07-06 19:00:43.832+02","contra","2019-07-06 19:00:43.832+02","2019-07-07 20:38:31.758+02",188,192,3
183,50,50,0,56,"2019-07-06 19:30:38.803+02","contra","2019-07-06 19:30:38.803+02","2019-07-07 20:42:24.56+02",188,193,3
184,72,72,204,246,"2019-07-06 19:43:42.01+02","joke","2019-07-06 19:43:42.011+02","2019-07-06 20:59:51.675+02",188,194,3
185,216,216,17,326,"2019-07-06 19:46:55.666+02","contra","2019-07-06 19:46:55.666+02","2019-07-13 11:57:01.765+02",194,195,3
186,69,69,1,51,"2019-07-06 19:49:16.014+02","contra","2019-07-06 19:49:16.014+02","2019-07-06 19:49:16.014+02",188,196,3
190,231,231,1,78,"2019-07-06 19:59:43.699+02","pro","2019-07-06 19:59:43.699+02","2019-07-06 19:59:43.699+02",194,200,3
191,74,74,0,34,"2019-07-06 20:05:22.212+02","contra","2019-07-06 20:05:22.212+02","2019-07-13 18:00:35.435+02",188,201,3
193,77,77,0,91,"2019-07-06 20:28:31.021+02","neutral","2019-07-06 20:28:31.021+02","2019-07-06 20:28:31.021+02",188,203,3
196,72,72,32,120,"2019-07-06 20:47:41.113+02","joke","2019-07-06 20:47:41.114+02","2019-07-13 12:02:39.965+02",188,206,3
198,254,254,0,191,"2019-07-06 20:56:26.145+02","factChecker","2019-07-06 20:56:26.145+02","2019-07-06 20:56:26.145+02",194,208,3
203,12,12,0,137,"2019-07-06 21:48:55.321+02","neutral","2019-07-06 21:48:55.322+02","2019-07-06 21:48:55.322+02",,213,3
204,20,20,0,375,"2019-07-06 21:51:52.256+02","neutral","2019-07-06 21:51:52.256+02","2019-07-06 21:51:52.256+02",,214,3
205,53,53,0,137,"2019-07-06 21:55:42.825+02","factChecker","2019-07-06 21:55:42.825+02","2019-07-06 21:55:42.825+02",206,215,3
207,63,63,0,375,"2019-07-06 22:00:22.779+02","joke","2019-07-06 22:00:22.779+02","2019-07-07 12:27:49.063+02",206,217,3
209,344,344,242,306,"2019-07-07 12:19:27.075+02","neutral","2019-07-07 12:19:27.075+02","2019-07-07 12:19:27.075+02",4,219,3
210,15,15,0,868,"2019-07-07 12:27:25.476+02","factChecker","2019-07-07 12:27:25.476+02","2019-07-07 12:27:25.476+02",217,220,3
211,15,15,0,67,"2019-07-07 12:30:35.285+02","joke","2019-07-07 12:30:35.285+02","2019-07-07 21:58:05.971+02",217,221,3
212,13,13,0,127,"2019-07-07 12:34:54.938+02","joke","2019-07-07 12:34:54.938+02","2019-07-07 14:17:44.953+02",217,222,3
213,110,110,0,1501,"2019-07-07 12:41:18.521+02","factChecker","2019-07-07 12:41:18.521+02","2019-07-07 12:41:18.521+02",220,223,3
219,72,72,0,474,"2019-07-07 20:52:32.952+02","factChecker","2019-07-07 20:52:32.952+02","2019-07-07 20:52:32.952+02",201,229,3
221,59,59,14,411,"2019-07-07 21:21:01.648+02","factChecker","2019-07-07 21:21:01.648+02","2019-07-08 11:49:19.854+02",222,231,3
222,195,195,0,411,"2019-07-07 21:26:54.989+02","factChecker","2019-07-07 21:26:54.989+02","2019-07-07 21:26:54.989+02",231,232,3
223,20,20,12,144,"2019-07-07 21:41:41.39+02","neutral","2019-07-07 21:41:41.391+02","2019-07-07 21:41:41.391+02",,233,2
224,56,56,5,830,"2019-07-07 21:45:35.741+02","contra","2019-07-07 21:45:35.741+02","2019-07-07 21:46:20.871+02",221,234,3
228,59,59,0,1425,"2019-07-10 20:36:14.549+02","pro","2019-07-10 20:36:14.549+02","2019-07-10 20:36:14.549+02",238,239,2
229,69,69,0,3557,"2019-07-10 20:38:16.914+02","neutral","2019-07-10 20:38:16.914+02","2019-07-10 20:38:16.914+02",238,240,2
230,208,208,0,574,"2019-07-10 20:43:21.062+02","pro","2019-07-10 20:43:21.062+02","2019-07-11 19:55:59.954+02",238,241,2
231,245,245,5,724,"2019-07-10 20:47:18.211+02","neutral","2019-07-10 20:47:18.211+02","2019-07-10 20:47:33.337+02",238,242,2
232,276,276,37,2478,"2019-07-10 20:48:57.67+02","neutral","2019-07-10 20:48:57.67+02","2019-07-11 19:57:08.741+02",238,243,2
233,329,329,0,6792,"2019-07-10 20:50:51.129+02","neutral","2019-07-10 20:50:51.13+02","2019-07-10 20:50:51.13+02",238,244,2
234,370,370,0,444,"2019-07-10 20:53:50.449+02","neutral","2019-07-10 20:53:50.45+02","2019-07-10 20:53:50.45+02",238,245,2
235,511,511,0,3727,"2019-07-10 21:00:04.841+02","neutral","2019-07-10 21:00:04.841+02","2019-07-10 21:00:04.841+02",238,246,2
236,647,647,0,97,"2019-07-10 21:05:02.548+02","neutral","2019-07-10 21:05:02.548+02","2019-07-10 21:05:02.548+02",238,247,2
237,759,759,0,376,"2019-07-10 21:08:07.244+02","neutral","2019-07-10 21:08:07.244+02","2019-07-10 21:08:07.244+02",238,248,2
238,793,793,0,5152,"2019-07-10 21:09:54.965+02","neutral","2019-07-10 21:09:54.965+02","2019-07-10 21:09:54.965+02",238,249,2
239,824,824,0,3152,"2019-07-10 21:11:30.9+02","neutral","2019-07-10 21:11:30.9+02","2019-07-10 21:11:30.9+02",238,250,2
240,1153,1153,0,3152,"2019-07-10 21:21:40.608+02","neutral","2019-07-10 21:21:40.608+02","2019-07-10 21:21:40.608+02",238,251,2
241,1324,1324,0,491,"2019-07-10 21:26:37.091+02","neutral","2019-07-10 21:26:37.092+02","2019-07-10 21:26:37.092+02",238,252,2
242,1578,1578,0,2647,"2019-07-10 21:32:11.26+02","neutral","2019-07-10 21:32:11.26+02","2019-07-10 21:32:11.26+02",238,253,2
243,1725,1725,0,164,"2019-07-10 21:43:52.739+02","neutral","2019-07-10 21:43:52.739+02","2019-07-10 21:43:52.739+02",238,254,2
244,1843,1843,0,2669,"2019-07-10 21:47:48.947+02","neutral","2019-07-10 21:47:48.947+02","2019-07-10 21:47:48.947+02",238,255,2
245,2073,2073,45,2587,"2019-07-10 21:52:22.938+02","neutral","2019-07-10 21:52:22.938+02","2019-07-10 21:53:35.47+02",238,256,2
246,2637,2637,0,2662,"2019-07-10 22:04:51.306+02","neutral","2019-07-10 22:04:51.306+02","2019-07-11 20:00:48.228+02",238,257,2
248,18,18,0,490,"2019-07-11 22:27:05.683+02","science","2019-07-11 22:27:05.683+02","2019-07-12 14:55:52.435+02",259,261,3
250,77,77,15,456,"2019-07-11 22:44:42.079+02","pro","2019-07-11 22:44:42.08+02","2019-07-11 22:44:42.08+02",259,263,3
251,67,80,7,944,"2019-07-11 23:21:05.67+02","pro","2019-07-11 23:21:05.67+02","2019-07-12 14:58:43.588+02",259,264,3
252,106,106,233,877,"2019-07-12 14:55:26.507+02","pro","2019-07-12 14:55:26.507+02","2019-07-12 14:55:26.507+02",259,265,3
254,73,73,0,268,"2019-07-12 15:15:36.744+02","contra","2019-07-12 15:15:36.744+02","2019-07-12 15:16:09.61+02",259,267,3
255,132,132,26,1461,"2019-07-12 15:41:34.648+02","pro","2019-07-12 15:41:34.648+02","2019-07-12 15:41:34.648+02",259,268,3
256,71,71,10,196,"2019-07-12 15:44:51.532+02","contra","2019-07-12 15:44:51.532+02","2019-07-12 15:44:51.532+02",259,269,3
258,46,46,85,564,"2019-07-13 17:30:36.92+02","science","2019-07-13 17:30:36.92+02","2019-07-13 17:30:36.92+02",206,271,3
259,71,71,63,756,"2019-07-13 17:38:05.001+02","factChecker","2019-07-13 17:38:05.001+02","2019-07-13 17:38:05.001+02",206,272,3
260,68,68,244,1396,"2019-07-13 17:41:27.371+02","neutral","2019-07-13 17:41:27.371+02","2019-07-13 17:41:27.371+02",217,273,3
261,71,71,12,23,"2019-07-13 18:04:18.78+02","pro","2019-07-13 18:04:18.78+02","2019-07-13 18:04:46.649+02",188,274,3
