"id","url","uploaded","type","duration","createdAt","updatedAt","userId"
1,"ktnmKmskeys","2019-05-18 21:20:33.708+02","youtube",411,"2019-05-18 21:20:33.71+02","2019-05-18 21:20:33.71+02",1
2,"tzNbPgbrSr0","2019-05-18 21:49:59.486+02","youtube",315,"2019-05-18 21:49:59.487+02","2019-05-18 21:49:59.487+02",1
16,"G0mncEl4nVU","2019-05-30 18:49:31.339+02","youtube",998,"2019-05-30 18:49:31.339+02","2019-05-30 18:49:31.339+02",1
17,"AeJ9q45PfD0","2019-05-31 20:15:22.235+02","youtube",722,"2019-05-31 20:15:22.236+02","2019-05-31 20:15:22.236+02",1
18,"CwVv6GM3Dos","2019-06-03 17:56:30.358+02","youtube",126,"2019-06-03 17:56:30.358+02","2019-06-03 17:56:30.358+02",1
3,"XmGQ_bvM0lQ","2019-05-18 22:24:50.73+02","youtube",5837,"2019-05-18 22:24:50.73+02","2019-05-18 22:24:50.73+02",3
4,"RS7IzU2VJIQ","2019-05-18 22:27:07.069+02","youtube",542,"2019-05-18 22:27:07.069+02","2019-05-18 22:27:07.069+02",3
5,"8HslUzw35mc","2019-05-18 22:34:00.736+02","youtube",512,"2019-05-18 22:34:00.736+02","2019-05-18 22:34:00.736+02",3
6,"RS7IzU2VJIQ","2019-05-22 12:28:14.77+02","youtube",542,"2019-05-22 12:28:14.77+02","2019-05-22 12:28:14.77+02",3
7,"EoyWY-LlYTs","2019-05-22 12:28:49.783+02","youtube",205,"2019-05-22 12:28:49.783+02","2019-05-22 12:28:49.783+02",3
8,"SnB6iRDoJ90","2019-05-22 12:51:15.168+02","youtube",576,"2019-05-22 12:51:15.168+02","2019-05-22 12:51:15.168+02",3
9,"Z0m7xhxu4dQ","2019-05-22 13:03:55.038+02","youtube",181,"2019-05-22 13:03:55.038+02","2019-05-22 13:03:55.038+02",3
10,"khqzd1Lq1sI","2019-05-22 13:09:55.019+02","youtube",362,"2019-05-22 13:09:55.019+02","2019-05-22 13:09:55.019+02",3
11,"BZ0YFoUcY0s","2019-05-30 09:23:59.299+02","youtube",1191,"2019-05-30 09:23:59.3+02","2019-05-30 09:23:59.3+02",3
12,"RS7IzU2VJIQ","2019-05-30 13:29:12.801+02","youtube",542,"2019-05-30 13:29:12.801+02","2019-05-30 13:29:12.801+02",3
13,"D35YnZ7_WxM","2019-05-30 13:32:20.964+02","youtube",2751,"2019-05-30 13:32:20.964+02","2019-05-30 13:32:20.964+02",3
14,"Z0m7xhxu4dQ","2019-05-30 13:37:18.613+02","youtube",181,"2019-05-30 13:37:18.613+02","2019-05-30 13:37:18.613+02",3
15,"AkSXB-lRAp0","2019-05-30 13:41:08.831+02","youtube",1438,"2019-05-30 13:41:08.831+02","2019-05-30 13:41:08.831+02",3
19,"4Y1lZQsyuSQ","2019-06-04 18:43:41.181+02","youtube",3298,"2019-06-04 18:43:41.182+02","2019-06-04 18:43:41.182+02",3
20,"lzNhn_cP-iE","2019-06-04 19:00:25.974+02","youtube",2689,"2019-06-04 19:00:25.974+02","2019-06-04 19:00:25.974+02",3
21,"F-IgOWwzIL4","2019-06-04 19:45:50.745+02","youtube",269,"2019-06-04 19:45:50.745+02","2019-06-04 19:45:50.745+02",3
22,"pwvVephTIHU","2019-06-04 19:51:09.479+02","youtube",320,"2019-06-04 19:51:09.479+02","2019-06-04 19:51:09.479+02",3
23,"EbjKcHPmxKQ","2019-06-04 19:59:12.202+02","youtube",173,"2019-06-04 19:59:12.202+02","2019-06-04 19:59:12.202+02",3
24,"eRLJscAlk1M","2019-06-04 20:17:30.758+02","youtube",363,"2019-06-04 20:17:30.758+02","2019-06-04 20:17:30.758+02",3
25,"co5uywe-1Z8","2019-06-04 20:22:46.452+02","youtube",2546,"2019-06-04 20:22:46.453+02","2019-06-04 20:22:46.453+02",3
26,"njhBznv-IoU","2019-06-05 00:22:55.887+02","youtube",11,"2019-06-05 00:22:55.887+02","2019-06-05 00:22:55.887+02",9
27,"nlgbJQtiJlo","2019-06-05 00:24:28.825+02","youtube",11,"2019-06-05 00:24:28.825+02","2019-06-05 00:24:28.825+02",9
28,"QQ3gdvH9-n8","2019-06-05 00:25:42.082+02","youtube",10,"2019-06-05 00:25:42.082+02","2019-06-05 00:25:42.082+02",9
29,"iqGkwNiBuLU","2019-06-05 00:33:44.321+02","youtube",9,"2019-06-05 00:33:44.321+02","2019-06-05 00:33:44.321+02",9
30,"aFPwv1i_1i0","2019-06-05 00:36:19.394+02","youtube",9,"2019-06-05 00:36:19.394+02","2019-06-05 00:36:19.394+02",9
31,"-x1dKhA0Vac","2019-06-05 00:37:43.868+02","youtube",8,"2019-06-05 00:37:43.868+02","2019-06-05 00:37:43.868+02",9
32,"PJt8GUWnQAQ","2019-06-05 00:48:35.988+02","youtube",9,"2019-06-05 00:48:35.988+02","2019-06-05 00:48:35.988+02",9
33,"YN2ZqU0hQ-w","2019-06-05 00:49:29.666+02","youtube",8,"2019-06-05 00:49:29.666+02","2019-06-05 00:49:29.666+02",9
34,"saBoFC8VZgk","2019-06-05 11:29:09.247+02","youtube",7,"2019-06-05 11:29:09.247+02","2019-06-05 11:29:09.247+02",30
35,"lHtPQwGaonI","2019-06-05 11:30:02.02+02","youtube",9,"2019-06-05 11:30:02.021+02","2019-06-05 11:30:02.021+02",30
36,"gYvbTZgDPdw","2019-06-05 11:31:35.86+02","youtube",11,"2019-06-05 11:31:35.86+02","2019-06-05 11:31:35.86+02",30
37,"BR204X1pATQ","2019-06-05 11:32:22.945+02","youtube",7,"2019-06-05 11:32:22.945+02","2019-06-05 11:32:22.945+02",30
38,"4tqguaorcjY","2019-06-05 11:33:04.14+02","youtube",8,"2019-06-05 11:33:04.14+02","2019-06-05 11:33:04.14+02",30
39,"lvaC_iezU5U","2019-06-05 11:36:03.52+02","youtube",9,"2019-06-05 11:36:03.52+02","2019-06-05 11:36:03.52+02",30
40,"QxHnszHBmZE","2019-06-05 11:36:45.791+02","youtube",7,"2019-06-05 11:36:45.791+02","2019-06-05 11:36:45.791+02",30
41,"QxHnszHBmZE","2019-06-05 11:36:46.471+02","youtube",7,"2019-06-05 11:36:46.471+02","2019-06-05 11:36:46.471+02",30
42,"QxHnszHBmZE","2019-06-05 11:37:56.152+02","youtube",7,"2019-06-05 11:37:56.152+02","2019-06-05 11:37:56.152+02",30
43,"l_kI88MSxKg","2019-06-05 11:38:13.14+02","youtube",8,"2019-06-05 11:38:13.14+02","2019-06-05 11:38:13.14+02",30
44,"8PEMuLpCUmo","2019-06-05 11:39:09.205+02","youtube",8,"2019-06-05 11:39:09.205+02","2019-06-05 11:39:09.205+02",30
45,"7hdFwxzIBiA","2019-06-05 11:40:02.761+02","youtube",7,"2019-06-05 11:40:02.761+02","2019-06-05 11:40:02.761+02",30
46,"jIdSN7NwUGk","2019-06-05 11:44:59.271+02","youtube",12,"2019-06-05 11:44:59.271+02","2019-06-05 11:44:59.271+02",30
47,"FlJ750FOyVY","2019-06-05 11:45:06.273+02","youtube",160,"2019-06-05 11:45:06.273+02","2019-06-05 11:45:06.273+02",3
48,"ediXdo60SmM","2019-06-05 11:46:13.912+02","youtube",7,"2019-06-05 11:46:13.912+02","2019-06-05 11:46:13.912+02",30
49,"fiJSv9e8Z2w","2019-06-05 11:46:39.199+02","youtube",8,"2019-06-05 11:46:39.199+02","2019-06-05 11:46:39.199+02",30
50,"cmwnWfcQyxA","2019-06-05 11:47:13.329+02","youtube",6,"2019-06-05 11:47:13.329+02","2019-06-05 11:47:13.329+02",30
51,"zDv6ODx8rhI","2019-06-05 11:47:44.812+02","youtube",12,"2019-06-05 11:47:44.812+02","2019-06-05 11:47:44.812+02",30
52,"sK4oBqyT6zI","2019-06-05 11:47:59.399+02","youtube",10,"2019-06-05 11:47:59.399+02","2019-06-05 11:47:59.399+02",30
53,"Z1miw9FZaNU","2019-06-05 11:48:22.262+02","youtube",9,"2019-06-05 11:48:22.262+02","2019-06-05 11:48:22.262+02",30
54,"sZ7oWjZK9DY","2019-06-05 11:48:43.567+02","youtube",8,"2019-06-05 11:48:43.567+02","2019-06-05 11:48:43.567+02",30
55,"nB9PQjkC1KM","2019-06-05 11:49:19.705+02","youtube",10,"2019-06-05 11:49:19.705+02","2019-06-05 11:49:19.705+02",30
56,"-tPh98vUV1w","2019-06-05 11:49:41.089+02","youtube",11,"2019-06-05 11:49:41.089+02","2019-06-05 11:49:41.089+02",30
57,"SaQIN9RjgpI","2019-06-05 11:49:59.083+02","youtube",10,"2019-06-05 11:49:59.084+02","2019-06-05 11:49:59.084+02",30
58,"xHhOv7EtQTg","2019-06-05 11:50:17.676+02","youtube",9,"2019-06-05 11:50:17.676+02","2019-06-05 11:50:17.676+02",30
59,"BnUypca8JDk","2019-06-05 11:50:32.415+02","youtube",12,"2019-06-05 11:50:32.415+02","2019-06-05 11:50:32.415+02",30
60,"a50_RGig4EE","2019-06-05 11:50:57.388+02","youtube",7,"2019-06-05 11:50:57.388+02","2019-06-05 11:50:57.388+02",30
61,"i_WgHaZ40tI","2019-06-05 11:51:32+02","youtube",11,"2019-06-05 11:51:32+02","2019-06-05 11:51:32+02",30
62,"FqTpQy0sAHk","2019-06-05 11:52:15.504+02","youtube",9,"2019-06-05 11:52:15.504+02","2019-06-05 11:52:15.504+02",30
63,"w0Vrlc-0lvw","2019-06-05 11:52:41.534+02","youtube",11,"2019-06-05 11:52:41.534+02","2019-06-05 11:52:41.534+02",30
64,"GBElqXuhBiU","2019-06-05 11:53:01.808+02","youtube",7,"2019-06-05 11:53:01.808+02","2019-06-05 11:53:01.808+02",30
65,"vpx_q-nkbyw","2019-06-05 11:53:18.906+02","youtube",7,"2019-06-05 11:53:18.906+02","2019-06-05 11:53:18.906+02",30
66,"w2iBOUHY46s","2019-06-05 11:53:45.848+02","youtube",10,"2019-06-05 11:53:45.848+02","2019-06-05 11:53:45.848+02",30
67,"1fp5Xb9egfo","2019-06-05 11:54:10.302+02","youtube",9,"2019-06-05 11:54:10.302+02","2019-06-05 11:54:10.302+02",30
68,"_NxKpwXA4Ao","2019-06-05 11:54:27.292+02","youtube",4,"2019-06-05 11:54:27.292+02","2019-06-05 11:54:27.292+02",30
69,"IwThP7_PUFY","2019-06-05 11:54:53.765+02","youtube",8,"2019-06-05 11:54:53.765+02","2019-06-05 11:54:53.765+02",30
70,"zQjwYL2DZOQ","2019-06-05 11:55:15.346+02","youtube",7,"2019-06-05 11:55:15.346+02","2019-06-05 11:55:15.346+02",30
71,"hKtS1SQQXp0","2019-06-05 11:55:36.33+02","youtube",5,"2019-06-05 11:55:36.33+02","2019-06-05 11:55:36.33+02",30
72,"peKgq3Ard8E","2019-06-05 11:55:51.309+02","youtube",8,"2019-06-05 11:55:51.309+02","2019-06-05 11:55:51.309+02",30
73,"4X2irOt_hZo","2019-06-05 11:56:27.79+02","youtube",7,"2019-06-05 11:56:27.79+02","2019-06-05 11:56:27.79+02",30
74,"SFNQgsTAnwg","2019-06-05 11:56:55.774+02","youtube",7,"2019-06-05 11:56:55.774+02","2019-06-05 11:56:55.774+02",30
75,"P8Yty-xNr2A","2019-06-05 11:57:22.392+02","youtube",10,"2019-06-05 11:57:22.392+02","2019-06-05 11:57:22.392+02",30
76,"8TPDC_3QCPY","2019-06-05 11:57:49.133+02","youtube",7,"2019-06-05 11:57:49.133+02","2019-06-05 11:57:49.133+02",30
77,"2umod5Ha624","2019-06-05 11:58:22.214+02","youtube",10,"2019-06-05 11:58:22.214+02","2019-06-05 11:58:22.214+02",30
78,"zm1Q9x4prtE","2019-06-05 11:58:41.281+02","youtube",9,"2019-06-05 11:58:41.281+02","2019-06-05 11:58:41.281+02",30
79,"0BBUOBLMln0","2019-06-05 11:59:14.994+02","youtube",8,"2019-06-05 11:59:14.994+02","2019-06-05 11:59:14.994+02",30
80,"OcltdciHn6s","2019-06-05 11:59:53.878+02","youtube",5,"2019-06-05 11:59:53.878+02","2019-06-05 11:59:53.878+02",30
81,"WwOYrXNZwdQ","2019-06-05 12:00:38.425+02","youtube",2,"2019-06-05 12:00:38.425+02","2019-06-05 12:00:38.425+02",30
82,"0Smjm-dbBEc","2019-06-05 12:01:01.753+02","youtube",9,"2019-06-05 12:01:01.753+02","2019-06-05 12:01:01.753+02",30
83,"Si2-KCIi6HI","2019-06-05 12:01:20.486+02","youtube",11,"2019-06-05 12:01:20.486+02","2019-06-05 12:01:20.486+02",30
84,"cKk25lj5eE0","2019-06-05 12:02:15.4+02","youtube",9,"2019-06-05 12:02:15.4+02","2019-06-05 12:02:15.4+02",30
85,"nSXDID6O9hk","2019-06-05 12:02:29.427+02","youtube",7,"2019-06-05 12:02:29.427+02","2019-06-05 12:02:29.427+02",30
86,"zDq_SmyzeaY","2019-06-05 12:02:53.312+02","youtube",10,"2019-06-05 12:02:53.312+02","2019-06-05 12:02:53.312+02",30
87,"zDq_SmyzeaY","2019-06-05 12:03:10.256+02","youtube",10,"2019-06-05 12:03:10.256+02","2019-06-05 12:03:10.256+02",30
88,"hr5YhNZYc4Y","2019-06-05 12:03:14.497+02","youtube",10,"2019-06-05 12:03:14.497+02","2019-06-05 12:03:14.497+02",30
89,"PKtwmMU9634","2019-06-05 12:03:42.296+02","youtube",9,"2019-06-05 12:03:42.297+02","2019-06-05 12:03:42.297+02",30
90,"mBHabfjd4rU","2019-06-05 12:03:59.245+02","youtube",12,"2019-06-05 12:03:59.245+02","2019-06-05 12:03:59.245+02",30
91,"L67EyKw_RJs","2019-06-05 12:04:20.152+02","youtube",11,"2019-06-05 12:04:20.152+02","2019-06-05 12:04:20.152+02",30
92,"11eQDkbACCE","2019-06-05 12:04:44.902+02","youtube",8,"2019-06-05 12:04:44.902+02","2019-06-05 12:04:44.902+02",30
93,"h8zG6AXvJMs","2019-06-05 12:05:10.439+02","youtube",11,"2019-06-05 12:05:10.44+02","2019-06-05 12:05:10.44+02",30
94,"580fPzxBZTc","2019-06-05 12:05:27.037+02","youtube",6,"2019-06-05 12:05:27.037+02","2019-06-05 12:05:27.037+02",30
95,"EK9sCvVvxc4","2019-06-05 12:05:46.383+02","youtube",8,"2019-06-05 12:05:46.383+02","2019-06-05 12:05:46.383+02",30
96,"jldLKrTBHvw","2019-06-05 12:06:07.173+02","youtube",8,"2019-06-05 12:06:07.173+02","2019-06-05 12:06:07.173+02",30
97,"8D_2PiN0KrQ","2019-06-05 12:06:26.81+02","youtube",7,"2019-06-05 12:06:26.81+02","2019-06-05 12:06:26.81+02",30
98,"KVs3q5JPGyM","2019-06-05 12:06:41.286+02","youtube",8,"2019-06-05 12:06:41.286+02","2019-06-05 12:06:41.286+02",30
99,"Ors9jnTBYPw","2019-06-05 12:07:06.072+02","youtube",8,"2019-06-05 12:07:06.072+02","2019-06-05 12:07:06.072+02",30
100,"FhnOcl5Ikkw","2019-06-05 12:07:23.412+02","youtube",6,"2019-06-05 12:07:23.412+02","2019-06-05 12:07:23.412+02",30
101,"fvD_s3iqK_w","2019-06-05 12:07:51.02+02","youtube",10,"2019-06-05 12:07:51.02+02","2019-06-05 12:07:51.02+02",30
102,"fvD_s3iqK_w","2019-06-05 12:07:53.484+02","youtube",10,"2019-06-05 12:07:53.484+02","2019-06-05 12:07:53.484+02",30
103,"5OoRYLiTTGY","2019-06-05 12:40:41.271+02","youtube",365,"2019-06-05 12:40:41.271+02","2019-06-05 12:40:41.271+02",2
104,"VIEK6VKjT88","2019-06-05 12:47:42.403+02","youtube",2429,"2019-06-05 12:47:42.403+02","2019-06-05 12:47:42.403+02",3
105,"YALk76OKm-8","2019-06-05 12:52:30.48+02","youtube",190,"2019-06-05 12:52:30.48+02","2019-06-05 12:52:30.48+02",3
106,"V6Z_0-wDCbA","2019-06-05 12:54:11.678+02","youtube",1501,"2019-06-05 12:54:11.678+02","2019-06-05 12:54:11.678+02",2
107,"hxyV0_u56rU","2019-06-05 13:05:28.076+02","youtube",377,"2019-06-05 13:05:28.076+02","2019-06-05 13:05:28.076+02",3
108,"H_kP9nBLzNk","2019-06-05 13:11:29.141+02","youtube",133,"2019-06-05 13:11:29.141+02","2019-06-05 13:11:29.141+02",3
109,"f-k0FoJVYts","2019-06-05 13:46:02.469+02","youtube",147,"2019-06-05 13:46:02.469+02","2019-06-05 13:46:02.469+02",3
110,"750BD72Od7s","2019-06-05 14:07:16.73+02","youtube",273,"2019-06-05 14:07:16.73+02","2019-06-05 14:07:16.73+02",3
111,"mRDYHo0xz7k","2019-06-05 20:44:21.185+02","youtube",1655,"2019-06-05 20:44:21.185+02","2019-06-05 20:44:21.185+02",3
112,"Wp5r9KV92TQ","2019-06-05 20:53:43.598+02","youtube",1770,"2019-06-05 20:53:43.598+02","2019-06-05 20:53:43.598+02",3
113,"Gqj33FOEt5g","2019-06-05 21:35:33.719+02","youtube",446,"2019-06-05 21:35:33.719+02","2019-06-05 21:35:33.719+02",3
114,"mTGvcJB89Zk","2019-06-05 21:52:11.192+02","youtube",316,"2019-06-05 21:52:11.192+02","2019-06-05 21:52:11.192+02",2
115,"hN5jUnobDwc","2019-06-05 21:54:02.511+02","youtube",430,"2019-06-05 21:54:02.511+02","2019-06-05 21:54:02.511+02",3
116,"hN5jUnobDwc","2019-06-05 21:59:03.38+02","youtube",430,"2019-06-05 21:59:03.38+02","2019-06-05 21:59:03.38+02",3
117,"GC1Z80ACan4","2019-06-07 18:59:52.827+02","youtube",265,"2019-06-07 18:59:52.828+02","2019-06-07 18:59:52.828+02",2
118,"xuH7k8VnbzE","2019-06-09 23:23:53.467+02","youtube",282,"2019-06-09 23:23:53.467+02","2019-06-09 23:23:53.467+02",17
119,"MgljIWsJgPo","2019-06-09 23:24:54.422+02","youtube",235,"2019-06-09 23:24:54.422+02","2019-06-09 23:24:54.422+02",17
120,"MgljIWsJgPo","2019-06-09 23:25:45.458+02","youtube",235,"2019-06-09 23:25:45.458+02","2019-06-09 23:25:45.458+02",17
121,"MgljIWsJgPo","2019-06-09 23:26:43.276+02","youtube",235,"2019-06-09 23:26:43.276+02","2019-06-09 23:26:43.276+02",17
122,"Ditt8Pwfbyc","2019-06-09 23:29:04.133+02","youtube",276,"2019-06-09 23:29:04.133+02","2019-06-09 23:29:04.133+02",17
123,"B-5XxKlBBuk","2019-06-09 23:29:58.636+02","youtube",333,"2019-06-09 23:29:58.636+02","2019-06-09 23:29:58.636+02",17
124,"P2UedeBfm0U","2019-06-09 23:31:25.168+02","youtube",102,"2019-06-09 23:31:25.168+02","2019-06-09 23:31:25.168+02",17
125,"GEGKHD7ocQs","2019-06-09 23:31:58.832+02","youtube",376,"2019-06-09 23:31:58.832+02","2019-06-09 23:31:58.832+02",17
126,"E8PH4u3J9Rk","2019-06-09 23:32:52.111+02","youtube",345,"2019-06-09 23:32:52.112+02","2019-06-09 23:32:52.112+02",17
127,"ZR074pIJoFI","2019-06-09 23:33:22.746+02","youtube",273,"2019-06-09 23:33:22.746+02","2019-06-09 23:33:22.746+02",17
128,"IxBL--ibyJQ","2019-06-09 23:34:17.75+02","youtube",49,"2019-06-09 23:34:17.75+02","2019-06-09 23:34:17.75+02",17
129,"latMdm8-KHw","2019-06-09 23:35:03.14+02","youtube",313,"2019-06-09 23:35:03.14+02","2019-06-09 23:35:03.14+02",17
130,"5fVVHxJexy4","2019-06-09 23:35:44.22+02","youtube",272,"2019-06-09 23:35:44.22+02","2019-06-09 23:35:44.22+02",17
131,"5fVVHxJexy4","2019-06-09 23:35:55.626+02","youtube",272,"2019-06-09 23:35:55.626+02","2019-06-09 23:35:55.626+02",17
132,"RAtTEIkwLQ4","2019-06-09 23:36:57.836+02","youtube",227,"2019-06-09 23:36:57.836+02","2019-06-09 23:36:57.836+02",17
133,"tOkWB3v0Rh8","2019-06-09 23:37:40.176+02","youtube",208,"2019-06-09 23:37:40.177+02","2019-06-09 23:37:40.177+02",17
134,"tOkWB3v0Rh8","2019-06-09 23:38:04.744+02","youtube",208,"2019-06-09 23:38:04.744+02","2019-06-09 23:38:04.744+02",17
135,"rfCvl05Sqrg","2019-06-09 23:38:36.425+02","youtube",38,"2019-06-09 23:38:36.425+02","2019-06-09 23:38:36.425+02",17
136,"MjmVF7BS28I","2019-06-09 23:40:00.051+02","youtube",238,"2019-06-09 23:40:00.051+02","2019-06-09 23:40:00.051+02",17
137,"HhyNMPl0jvM","2019-06-09 23:42:40.681+02","youtube",411,"2019-06-09 23:42:40.681+02","2019-06-09 23:42:40.681+02",17
138,"MgljIWsJgPo","2019-06-09 23:43:05.89+02","youtube",235,"2019-06-09 23:43:05.89+02","2019-06-09 23:43:05.89+02",17
139,"MgljIWsJgPo","2019-06-09 23:43:20.813+02","youtube",235,"2019-06-09 23:43:20.813+02","2019-06-09 23:43:20.813+02",17
140,"OgbVCyB96-A","2019-06-09 23:44:06.38+02","youtube",291,"2019-06-09 23:44:06.38+02","2019-06-09 23:44:06.38+02",17
141,"XG19q_yYGsU","2019-06-10 11:10:53.657+02","youtube",232,"2019-06-10 11:10:53.657+02","2019-06-10 11:10:53.657+02",14
142,"CEpkkogDCdY","2019-06-10 11:15:13.397+02","youtube",258,"2019-06-10 11:15:13.397+02","2019-06-10 11:15:13.397+02",14
143,"n6USAqOnYyM","2019-06-10 23:37:33.811+02","youtube",1958,"2019-06-10 23:37:33.811+02","2019-06-10 23:37:33.811+02",17
144,"n6USAqOnYyM","2019-06-10 23:37:41.68+02","youtube",1958,"2019-06-10 23:37:41.68+02","2019-06-10 23:37:41.68+02",17
145,"4nFTMWdqFh0","2019-06-13 12:39:22.748+02","youtube",787,"2019-06-13 12:39:22.748+02","2019-06-13 12:39:22.748+02",3
146,"9YZVAMh8b0s","2019-06-13 12:44:12.756+02","youtube",162,"2019-06-13 12:44:12.756+02","2019-06-13 12:44:12.756+02",3
147,"eBCbdThIJNE","2019-06-13 13:09:47.71+02","youtube",1815,"2019-06-13 13:09:47.71+02","2019-06-13 13:09:47.71+02",3
148,"VkTRcTyDSyk","2019-06-13 13:24:25.103+02","youtube",135,"2019-06-13 13:24:25.103+02","2019-06-13 13:24:25.103+02",3
149,"FCH_q3IgC-Q","2019-06-13 13:38:34.978+02","youtube",849,"2019-06-13 13:38:34.979+02","2019-06-13 13:38:34.979+02",3
150,"f7MzFfuNOtY","2019-06-13 14:04:49.376+02","youtube",898,"2019-06-13 14:04:49.376+02","2019-06-13 14:04:49.376+02",3
151,"yFPnT-DCBVs","2019-06-13 14:08:22.505+02","youtube",131,"2019-06-13 14:08:22.505+02","2019-06-13 14:08:22.505+02",3
152,"PdmHH6KY_Qs","2019-06-13 14:16:31.691+02","youtube",1501,"2019-06-13 14:16:31.691+02","2019-06-13 14:16:31.691+02",3
153,"OTtmnUODoSE","2019-06-13 14:32:15.971+02","youtube",135,"2019-06-13 14:32:15.971+02","2019-06-13 14:32:15.971+02",3
154,"H_Sc1hmE6fY","2019-06-13 14:42:56.568+02","youtube",338,"2019-06-13 14:42:56.568+02","2019-06-13 14:42:56.568+02",3
155,"DFQrE91kZwk","2019-06-13 14:44:53.962+02","youtube",128,"2019-06-13 14:44:53.962+02","2019-06-13 14:44:53.962+02",3
156,"poPLSgbSO6k","2019-06-13 14:52:24.233+02","youtube",491,"2019-06-13 14:52:24.234+02","2019-06-13 14:52:24.234+02",3
157,"uU3kLBo_ruo","2019-06-14 10:24:53.292+02","youtube",669,"2019-06-14 10:24:53.292+02","2019-06-14 10:24:53.292+02",3
158,"LZXUR4z2P9w","2019-06-14 10:38:54.529+02","youtube",839,"2019-06-14 10:38:54.529+02","2019-06-14 10:38:54.529+02",3
159,"5Vx59VLc98E","2019-06-14 10:46:55.669+02","youtube",1111,"2019-06-14 10:46:55.669+02","2019-06-14 10:46:55.669+02",3
160,"LEepDbZqFmE","2019-06-14 11:05:08.135+02","youtube",327,"2019-06-14 11:05:08.135+02","2019-06-14 11:05:08.135+02",3
161,"UiriQHZMcs0","2019-06-14 11:24:11.847+02","youtube",3127,"2019-06-14 11:24:11.847+02","2019-06-14 11:24:11.847+02",3
162,"uof9cB9-MOo","2019-06-14 11:27:24.032+02","youtube",159,"2019-06-14 11:27:24.033+02","2019-06-14 11:27:24.033+02",3
163,"ZW_YCWLyv6A","2019-06-14 11:47:45.731+02","youtube",461,"2019-06-14 11:47:45.731+02","2019-06-14 11:47:45.731+02",3
164,"tHO1ebNxhVI","2019-06-14 15:58:19.236+02","youtube",1111,"2019-06-14 15:58:19.236+02","2019-06-14 15:58:19.236+02",3
165,"J_9ldMw--HI","2019-06-14 16:27:32.664+02","youtube",518,"2019-06-14 16:27:32.664+02","2019-06-14 16:27:32.664+02",3
166,"2DG3pMcNNlw","2019-06-18 21:03:28.855+02","youtube",314,"2019-06-18 21:03:28.855+02","2019-06-18 21:03:28.855+02",3
167,"CEQTo9usai4","2019-06-18 21:08:37.722+02","youtube",430,"2019-06-18 21:08:37.722+02","2019-06-18 21:08:37.722+02",3
168,"_8HqbPBRiS4","2019-06-18 21:13:26.635+02","youtube",375,"2019-06-18 21:13:26.635+02","2019-06-18 21:13:26.635+02",3
169,"Ag1hkv2Upww","2019-06-18 21:19:22.19+02","youtube",892,"2019-06-18 21:19:22.19+02","2019-06-18 21:19:22.19+02",3
170,"H_f9gpg4t6c","2019-06-18 21:22:14.36+02","youtube",406,"2019-06-18 21:22:14.36+02","2019-06-18 21:22:14.36+02",3
171,"ekNC0J3xx1w","2019-06-18 21:30:03.474+02","youtube",292,"2019-06-18 21:30:03.475+02","2019-06-18 21:30:03.475+02",3
173,"ML7wx_5n2z8","2019-06-24 13:29:58.964+02","youtube",391,"2019-06-24 13:29:58.966+02","2019-06-24 13:29:58.966+02",3
174,"CEQTo9usai4","2019-06-24 13:38:01.584+02","youtube",430,"2019-06-24 13:38:01.584+02","2019-06-24 13:38:01.584+02",3
175,"CEQTo9usai4","2019-06-24 13:51:10.956+02","youtube",430,"2019-06-24 13:51:10.956+02","2019-06-24 13:51:10.956+02",3
176,"CEQTo9usai4","2019-06-24 13:56:20.401+02","youtube",430,"2019-06-24 13:56:20.401+02","2019-06-24 13:56:20.401+02",3
177,"CEQTo9usai4","2019-06-24 13:57:52.599+02","youtube",430,"2019-06-24 13:57:52.599+02","2019-06-24 13:57:52.599+02",3
178,"ah8Bpg6ep1k","2019-06-24 14:06:03.995+02","youtube",251,"2019-06-24 14:06:03.995+02","2019-06-24 14:06:03.995+02",3
179,"-T2R2htAaqg","2019-06-24 14:13:04.038+02","youtube",170,"2019-06-24 14:13:04.038+02","2019-06-24 14:13:04.038+02",3
180,"EFBBQ4GocfI","2019-07-05 19:11:06.885+02","youtube",280,"2019-07-05 19:11:06.886+02","2019-07-05 19:11:06.886+02",3
181,"RCmozGZkrT0","2019-07-05 19:18:30.664+02","youtube",209,"2019-07-05 19:18:30.664+02","2019-07-05 19:18:30.664+02",3
182,"5iFP3PIRzvk","2019-07-05 19:39:24.577+02","youtube",206,"2019-07-05 19:39:24.577+02","2019-07-05 19:39:24.577+02",3
183,"G3YY4jlmiOw","2019-07-05 20:17:15.487+02","youtube",977,"2019-07-05 20:17:15.487+02","2019-07-05 20:17:15.487+02",3
184,"G3YY4jlmiOw","2019-07-05 20:37:22.554+02","youtube",977,"2019-07-05 20:37:22.554+02","2019-07-05 20:37:22.554+02",3
185,"1e_7hZOdsxo","2019-07-05 20:41:34.728+02","youtube",83,"2019-07-05 20:41:34.728+02","2019-07-05 20:41:34.728+02",3
186,"1e_7hZOdsxo","2019-07-05 20:47:59.815+02","youtube",83,"2019-07-05 20:47:59.815+02","2019-07-05 20:47:59.815+02",3
187,"Txbqk6XyFI8","2019-07-06 15:29:59.625+02","youtube",387,"2019-07-06 15:29:59.626+02","2019-07-06 15:29:59.626+02",3
188,"703XOt9Xoe8","2019-07-06 18:27:16.57+02","youtube",143,"2019-07-06 18:27:16.57+02","2019-07-06 18:27:16.57+02",3
189,"FmD4z0Jm1xU","2019-07-06 18:34:51.271+02","youtube",325,"2019-07-06 18:34:51.271+02","2019-07-06 18:34:51.271+02",3
190,"BuFlw17Mu_M","2019-07-06 18:41:49.531+02","youtube",454,"2019-07-06 18:41:49.531+02","2019-07-06 18:41:49.531+02",3
191,"RJVqs_mhOA4","2019-07-06 18:44:38.252+02","youtube",278,"2019-07-06 18:44:38.252+02","2019-07-06 18:44:38.252+02",3
192,"SnruMBFM-bY","2019-07-06 19:00:43.823+02","youtube",468,"2019-07-06 19:00:43.823+02","2019-07-06 19:00:43.823+02",3
193,"WZQzW48Pe60","2019-07-06 19:30:38.79+02","youtube",136,"2019-07-06 19:30:38.79+02","2019-07-06 19:30:38.79+02",3
194,"HingfZLFTA0","2019-07-06 19:43:42.001+02","youtube",300,"2019-07-06 19:43:42.001+02","2019-07-06 19:43:42.001+02",3
195,"arDp6ZCFRMY","2019-07-06 19:46:55.655+02","youtube",326,"2019-07-06 19:46:55.656+02","2019-07-06 19:46:55.656+02",3
196,"nFor9gI8IrM","2019-07-06 19:49:16.006+02","youtube",111,"2019-07-06 19:49:16.006+02","2019-07-06 19:49:16.006+02",3
197,"vTYEpB8LfYU","2019-07-06 19:51:46.044+02","youtube",215,"2019-07-06 19:51:46.044+02","2019-07-06 19:51:46.044+02",3
198,"D1r9SliaNCA","2019-07-06 19:53:21.33+02","youtube",32,"2019-07-06 19:53:21.33+02","2019-07-06 19:53:21.33+02",3
199,"D1r9SliaNCA","2019-07-06 19:57:15.493+02","youtube",32,"2019-07-06 19:57:15.493+02","2019-07-06 19:57:15.493+02",3
200,"29_StUojBP4","2019-07-06 19:59:43.69+02","youtube",78,"2019-07-06 19:59:43.69+02","2019-07-06 19:59:43.69+02",3
201,"SjwK0RFunqk","2019-07-06 20:05:22.204+02","youtube",114,"2019-07-06 20:05:22.204+02","2019-07-06 20:05:22.204+02",3
202,"Rxv2vxjW3i8","2019-07-06 20:07:42.612+02","youtube",555,"2019-07-06 20:07:42.612+02","2019-07-06 20:07:42.612+02",3
203,"_sCkBf83WjA","2019-07-06 20:28:31.013+02","youtube",91,"2019-07-06 20:28:31.013+02","2019-07-06 20:28:31.013+02",3
204,"nItshHV_h9w","2019-07-06 20:33:46.002+02","youtube",151,"2019-07-06 20:33:46.002+02","2019-07-06 20:33:46.002+02",3
205,"wOOHNUQaCyo","2019-07-06 20:36:09.409+02","youtube",268,"2019-07-06 20:36:09.409+02","2019-07-06 20:36:09.409+02",3
206,"qYvZqPGedo0","2019-07-06 20:47:41.103+02","youtube",1478,"2019-07-06 20:47:41.103+02","2019-07-06 20:47:41.103+02",3
207,"LBjtXOWuEPo","2019-07-06 20:53:49.602+02","youtube",112,"2019-07-06 20:53:49.603+02","2019-07-06 20:53:49.603+02",3
208,"65KwTpS-GP0","2019-07-06 20:56:26.135+02","youtube",191,"2019-07-06 20:56:26.135+02","2019-07-06 20:56:26.135+02",3
209,"U-XKHgqxl4U","2019-07-06 21:09:06.281+02","youtube",532,"2019-07-06 21:09:06.281+02","2019-07-06 21:09:06.281+02",3
210,"y9IdTF_Yg30","2019-07-06 21:23:34.325+02","youtube",155,"2019-07-06 21:23:34.325+02","2019-07-06 21:23:34.325+02",3
211,"zwSJ6FdEfAY","2019-07-06 21:31:17.872+02","youtube",313,"2019-07-06 21:31:17.872+02","2019-07-06 21:31:17.872+02",3
212,"o0OvFlS9rQ0","2019-07-06 21:47:50.523+02","youtube",182,"2019-07-06 21:47:50.523+02","2019-07-06 21:47:50.523+02",3
213,"PSU7q9FzDQ8","2019-07-06 21:48:55.311+02","youtube",137,"2019-07-06 21:48:55.312+02","2019-07-06 21:48:55.312+02",3
214,"931o6HsBw60","2019-07-06 21:51:52.213+02","youtube",375,"2019-07-06 21:51:52.213+02","2019-07-06 21:51:52.213+02",3
215,"r5UOQKExjoc","2019-07-06 21:55:42.817+02","youtube",137,"2019-07-06 21:55:42.817+02","2019-07-06 21:55:42.817+02",3
216,"r5UOQKExjoc","2019-07-06 21:57:00.332+02","youtube",137,"2019-07-06 21:57:00.332+02","2019-07-06 21:57:00.332+02",3
217,"931o6HsBw60","2019-07-06 22:00:22.764+02","youtube",375,"2019-07-06 22:00:22.764+02","2019-07-06 22:00:22.764+02",3
218,"bWml2Alyyi4","2019-07-06 22:08:35.388+02","youtube",474,"2019-07-06 22:08:35.388+02","2019-07-06 22:08:35.388+02",3
219,"eym10GGidQU","2019-07-07 12:19:27.047+02","youtube",306,"2019-07-07 12:19:27.048+02","2019-07-07 12:19:27.048+02",3
220,"1vINx0ajcVw","2019-07-07 12:27:25.467+02","youtube",868,"2019-07-07 12:27:25.467+02","2019-07-07 12:27:25.467+02",3
221,"Z9MfCqADAPA","2019-07-07 12:30:35.273+02","youtube",67,"2019-07-07 12:30:35.273+02","2019-07-07 12:30:35.273+02",3
222,"ewTTylTaaV4","2019-07-07 12:34:54.929+02","youtube",127,"2019-07-07 12:34:54.929+02","2019-07-07 12:34:54.929+02",3
223,"IcR2hfExuXw","2019-07-07 12:41:18.511+02","youtube",1501,"2019-07-07 12:41:18.511+02","2019-07-07 12:41:18.511+02",3
224,"1kZJLigrGTs","2019-07-07 13:10:44.322+02","youtube",1396,"2019-07-07 13:10:44.322+02","2019-07-07 13:10:44.322+02",3
225,"laXQnJfpTlc","2019-07-07 14:16:36.935+02","youtube",1287,"2019-07-07 14:16:36.936+02","2019-07-07 14:16:36.936+02",3
226,"WrLFbjBn4Tk","2019-07-07 14:22:52.56+02","youtube",244,"2019-07-07 14:22:52.56+02","2019-07-07 14:22:52.56+02",2
227,"WrLFbjBn4Tk","2019-07-07 14:26:29.126+02","youtube",244,"2019-07-07 14:26:29.127+02","2019-07-07 14:26:29.127+02",2
228,"WrLFbjBn4Tk","2019-07-07 14:28:04.104+02","youtube",244,"2019-07-07 14:28:04.104+02","2019-07-07 14:28:04.104+02",2
229,"bWml2Alyyi4","2019-07-07 20:52:32.939+02","youtube",474,"2019-07-07 20:52:32.939+02","2019-07-07 20:52:32.939+02",3
230,"ueNWlMyUNy4","2019-07-07 21:04:27.535+02","youtube",756,"2019-07-07 21:04:27.535+02","2019-07-07 21:04:27.535+02",3
231,"BdgCRiw0swg","2019-07-07 21:21:01.638+02","youtube",411,"2019-07-07 21:21:01.638+02","2019-07-07 21:21:01.638+02",3
232,"BdgCRiw0swg","2019-07-07 21:26:54.98+02","youtube",411,"2019-07-07 21:26:54.98+02","2019-07-07 21:26:54.98+02",3
233,"Akeb84kYsp8","2019-07-07 21:41:41.376+02","youtube",144,"2019-07-07 21:41:41.376+02","2019-07-07 21:41:41.376+02",2
234,"nhNNi-kXE_4","2019-07-07 21:45:35.734+02","youtube",830,"2019-07-07 21:45:35.734+02","2019-07-07 21:45:35.734+02",3
235,"HBJpykHbbYI","2019-07-07 21:53:24.819+02","youtube",564,"2019-07-07 21:53:24.819+02","2019-07-07 21:53:24.819+02",3
236,"ueNWlMyUNy4","2019-07-07 22:04:40.055+02","youtube",756,"2019-07-07 22:04:40.055+02","2019-07-07 22:04:40.055+02",3
237,"HBJpykHbbYI","2019-07-07 22:09:30.59+02","youtube",564,"2019-07-07 22:09:30.59+02","2019-07-07 22:09:30.59+02",3
238,"Pf4T4z2815g","2019-07-10 20:33:36.79+02","youtube",2637,"2019-07-10 20:33:36.792+02","2019-07-10 20:33:36.792+02",2
239,"70_yO4bjFAc","2019-07-10 20:36:14.54+02","youtube",1425,"2019-07-10 20:36:14.54+02","2019-07-10 20:36:14.54+02",2
240,"QgcF1jd1YqU","2019-07-10 20:38:16.904+02","youtube",3557,"2019-07-10 20:38:16.904+02","2019-07-10 20:38:16.904+02",2
241,"v7NpiQl89oU","2019-07-10 20:43:21.052+02","youtube",574,"2019-07-10 20:43:21.052+02","2019-07-10 20:43:21.052+02",2
242,"1d9pAofWdac","2019-07-10 20:47:18.201+02","youtube",724,"2019-07-10 20:47:18.201+02","2019-07-10 20:47:18.201+02",2
243,"U6X-ZeYC54E","2019-07-10 20:48:57.654+02","youtube",2478,"2019-07-10 20:48:57.654+02","2019-07-10 20:48:57.654+02",2
244,"PvuwqqDob04","2019-07-10 20:50:51.121+02","youtube",6792,"2019-07-10 20:50:51.121+02","2019-07-10 20:50:51.121+02",2
245,"CrXi_5F3-Ig","2019-07-10 20:53:50.439+02","youtube",444,"2019-07-10 20:53:50.44+02","2019-07-10 20:53:50.44+02",2
246,"MiemsePSXuA","2019-07-10 21:00:04.829+02","youtube",3727,"2019-07-10 21:00:04.829+02","2019-07-10 21:00:04.829+02",2
247,"dauV6i5uu_E","2019-07-10 21:05:02.539+02","youtube",97,"2019-07-10 21:05:02.539+02","2019-07-10 21:05:02.539+02",2
248,"Ri8_FLvYD18","2019-07-10 21:08:07.234+02","youtube",376,"2019-07-10 21:08:07.234+02","2019-07-10 21:08:07.234+02",2
249,"s_PV67tBzI0","2019-07-10 21:09:54.955+02","youtube",5152,"2019-07-10 21:09:54.955+02","2019-07-10 21:09:54.955+02",2
250,"NziHlTrYQ24","2019-07-10 21:11:30.892+02","youtube",3152,"2019-07-10 21:11:30.892+02","2019-07-10 21:11:30.892+02",2
251,"NziHlTrYQ24","2019-07-10 21:21:40.599+02","youtube",3152,"2019-07-10 21:21:40.599+02","2019-07-10 21:21:40.599+02",2
252,"u9WJkcXSAIQ","2019-07-10 21:26:37.082+02","youtube",491,"2019-07-10 21:26:37.083+02","2019-07-10 21:26:37.083+02",2
253,"JKyzuUfLn8I","2019-07-10 21:32:11.251+02","youtube",2647,"2019-07-10 21:32:11.251+02","2019-07-10 21:32:11.251+02",2
254,"RpD5DYQEtWg","2019-07-10 21:43:52.729+02","youtube",164,"2019-07-10 21:43:52.729+02","2019-07-10 21:43:52.729+02",2
255,"fQCsqrF2ZM8","2019-07-10 21:47:48.939+02","youtube",2669,"2019-07-10 21:47:48.939+02","2019-07-10 21:47:48.939+02",2
256,"00N7LdfPTdo","2019-07-10 21:52:22.93+02","youtube",2587,"2019-07-10 21:52:22.93+02","2019-07-10 21:52:22.93+02",2
257,"QjhqM922EMc","2019-07-10 22:04:51.297+02","youtube",2662,"2019-07-10 22:04:51.297+02","2019-07-10 22:04:51.297+02",2
258,"uLSv17iE_4Q","2019-07-11 21:15:39.546+02","youtube",1317,"2019-07-11 21:15:39.546+02","2019-07-11 21:15:39.546+02",3
259,"OUkeXs2cSJI","2019-07-11 21:48:56.797+02","youtube",168,"2019-07-11 21:48:56.797+02","2019-07-11 21:48:56.797+02",3
260,"AXCNVy9nwA8","2019-07-11 22:19:39.244+02","youtube",877,"2019-07-11 22:19:39.244+02","2019-07-11 22:19:39.244+02",3
261,"xIqeah_oEqM","2019-07-11 22:27:05.669+02","youtube",490,"2019-07-11 22:27:05.669+02","2019-07-11 22:27:05.669+02",3
262,"AXCNVy9nwA8","2019-07-11 22:32:39.256+02","youtube",877,"2019-07-11 22:32:39.256+02","2019-07-11 22:32:39.256+02",3
263,"JVqMAlgAnlo","2019-07-11 22:44:42.07+02","youtube",456,"2019-07-11 22:44:42.07+02","2019-07-11 22:44:42.07+02",3
264,"50ZebmQq51Q","2019-07-11 23:21:05.66+02","youtube",944,"2019-07-11 23:21:05.661+02","2019-07-11 23:21:05.661+02",3
265,"AXCNVy9nwA8","2019-07-12 14:55:26.476+02","youtube",877,"2019-07-12 14:55:26.477+02","2019-07-12 14:55:26.477+02",3
266,"dbCNGOj8DGM","2019-07-12 15:05:22.447+02","youtube",210,"2019-07-12 15:05:22.447+02","2019-07-12 15:05:22.447+02",3
267,"AyHy71_tkcY","2019-07-12 15:15:36.735+02","youtube",289,"2019-07-12 15:15:36.735+02","2019-07-12 15:15:36.735+02",3
268,"OReAF9qwMkY","2019-07-12 15:41:34.636+02","youtube",1461,"2019-07-12 15:41:34.636+02","2019-07-12 15:41:34.636+02",3
269,"dbCNGOj8DGM","2019-07-12 15:44:51.524+02","youtube",210,"2019-07-12 15:44:51.524+02","2019-07-12 15:44:51.524+02",3
270,"LnxhWX_slgM","2019-07-13 17:04:10.798+02","youtube",2453,"2019-07-13 17:04:10.798+02","2019-07-13 17:04:10.798+02",3
271,"HBJpykHbbYI","2019-07-13 17:30:36.912+02","youtube",564,"2019-07-13 17:30:36.912+02","2019-07-13 17:30:36.912+02",3
272,"ueNWlMyUNy4","2019-07-13 17:38:04.983+02","youtube",756,"2019-07-13 17:38:04.983+02","2019-07-13 17:38:04.983+02",3
273,"1kZJLigrGTs","2019-07-13 17:41:27.36+02","youtube",1396,"2019-07-13 17:41:27.36+02","2019-07-13 17:41:27.36+02",3
274,"ygh19mJAXLo","2019-07-13 18:04:18.771+02","youtube",95,"2019-07-13 18:04:18.771+02","2019-07-13 18:04:18.771+02",3
172,"isCi672PdUk","2019-06-20 21:28:55.245+02","youtube",836,"2019-06-20 21:28:55.246+02","2019-06-20 21:28:55.246+02",3
275,"not set","2019-09-11 18:57:25.941+02","native",0,"2019-09-11 18:57:25.941+02","2019-09-11 18:57:25.941+02",1
276,"not set","2019-09-11 19:00:35.227+02","native",0,"2019-09-11 19:00:35.228+02","2019-09-11 19:00:35.228+02",1
277,"not set","2019-09-11 19:00:50.849+02","native",0,"2019-09-11 19:00:50.849+02","2019-09-11 19:00:50.849+02",1
278,"not set","2019-09-11 19:06:59.158+02","native",0,"2019-09-11 19:06:59.158+02","2019-09-11 19:06:59.158+02",1
279,"not set","2019-09-11 19:07:31.982+02","native",0,"2019-09-11 19:07:31.982+02","2019-09-11 19:07:31.982+02",1
280,"not set","2019-09-13 12:16:51.799+02","native",0,"2019-09-13 12:16:51.802+02","2019-09-13 12:16:51.802+02",1
281,"not set","2019-09-13 12:19:07.182+02","native",0,"2019-09-13 12:19:07.183+02","2019-09-13 12:19:07.183+02",1
282,"not set","2019-09-13 12:19:48.829+02","native",0,"2019-09-13 12:19:48.829+02","2019-09-13 12:19:48.829+02",1
283,"not set","2019-09-13 12:20:49.859+02","native",0,"2019-09-13 12:20:49.86+02","2019-09-13 12:20:49.86+02",1
284,"not set","2019-09-13 12:21:16.366+02","native",0,"2019-09-13 12:21:16.367+02","2019-09-13 12:21:16.367+02",1
285,"not set","2019-09-13 12:33:07.687+02","native",0,"2019-09-13 12:33:07.687+02","2019-09-13 12:33:07.687+02",1
286,"not set","2019-09-13 12:35:24.171+02","native",0,"2019-09-13 12:35:24.171+02","2019-09-13 12:35:24.171+02",1
287,"not set","2019-09-13 12:35:53.694+02","native",0,"2019-09-13 12:35:53.694+02","2019-09-13 12:35:53.694+02",1
288,"not set","2019-09-13 12:36:47.555+02","native",0,"2019-09-13 12:36:47.555+02","2019-09-13 12:36:47.555+02",1
289,"not set","2019-09-13 12:37:06.6+02","native",0,"2019-09-13 12:37:06.6+02","2019-09-13 12:37:06.6+02",1
290,"not set","2019-09-13 12:37:48.697+02","native",0,"2019-09-13 12:37:48.697+02","2019-09-13 12:37:48.697+02",1
291,"not set","2019-09-13 12:43:43.067+02","native",0,"2019-09-13 12:43:43.068+02","2019-09-13 12:43:43.068+02",1
292,"not set","2019-09-13 12:51:40.971+02","native",0,"2019-09-13 12:51:40.972+02","2019-09-13 12:51:40.972+02",1
293,"not set","2019-09-13 12:52:48.907+02","native",0,"2019-09-13 12:52:48.908+02","2019-09-13 12:52:48.908+02",1
294,"not set","2019-09-13 12:55:03.987+02","native",0,"2019-09-13 12:55:03.988+02","2019-09-13 12:55:03.988+02",1
295,"not set","2019-09-13 12:58:36.504+02","native",0,"2019-09-13 12:58:36.506+02","2019-09-13 12:58:36.506+02",1
296,"not set","2019-09-13 13:04:23.502+02","native",0,"2019-09-13 13:04:23.503+02","2019-09-13 13:04:23.503+02",1
297,"not set","2019-09-13 13:04:54.355+02","native",0,"2019-09-13 13:04:54.356+02","2019-09-13 13:04:54.356+02",1
298,"not set","2019-09-13 13:05:53.507+02","native",0,"2019-09-13 13:05:53.512+02","2019-09-13 13:05:53.512+02",1
299,"g9Lt1An","2019-09-13 13:53:37.088+02","native",0,"2019-09-13 13:53:37.092+02","2019-09-13 13:53:37.092+02",1
300,"PZOlI8H","2019-09-13 13:56:44.995+02","native",0,"2019-09-13 13:56:44.997+02","2019-09-13 13:56:44.997+02",1
301,"PP2hlg3","2019-09-13 13:58:52.018+02","native",0,"2019-09-13 13:58:52.02+02","2019-09-13 13:58:52.02+02",1
